"value","url"
"
																									(17.) 
																CD Leganés							","https://www.transfermarkt.com/laliga/spieltag/wettbewerb/ES1/plus/?saison_id=2017&spieltag=1"
"
																									(4.) 
																Valencia							","https://www.transfermarkt.com/laliga/spieltag/wettbewerb/ES1/plus/?saison_id=2017&spieltag=1"
"
																									(12.) 
																Celta de Vigo							","https://www.transfermarkt.com/laliga/spieltag/wettbewerb/ES1/plus/?saison_id=2017&spieltag=1"
"
																									(10.) 
																Girona							","https://www.transfermarkt.com/laliga/spieltag/wettbewerb/ES1/plus/?saison_id=2017&spieltag=1"
"
																									(7.) 
																Sevilla FC							","https://www.transfermarkt.com/laliga/spieltag/wettbewerb/ES1/plus/?saison_id=2017&spieltag=1"
"
																									(16.) 
																Athletic							","https://www.transfermarkt.com/laliga/spieltag/wettbewerb/ES1/plus/?saison_id=2017&spieltag=1"
"
																									(1.) 
																Barcelona							","https://www.transfermarkt.com/laliga/spieltag/wettbewerb/ES1/plus/?saison_id=2017&spieltag=1"
"
																									(18.) 
																Dep. La Coruña							","https://www.transfermarkt.com/laliga/spieltag/wettbewerb/ES1/plus/?saison_id=2017&spieltag=1"
"
																									(15.) 
																Levante							","https://www.transfermarkt.com/laliga/spieltag/wettbewerb/ES1/plus/?saison_id=2017&spieltag=1"
"
																									(20.) 
																Málaga CF							","https://www.transfermarkt.com/laliga/spieltag/wettbewerb/ES1/plus/?saison_id=2017&spieltag=1"
"
																									(3.) 
																Real Sociedad							","https://www.transfermarkt.com/laliga/spieltag/wettbewerb/ES1/plus/?saison_id=2017&spieltag=2"
"
																									(19.) 
																Real Betis							","https://www.transfermarkt.com/laliga/spieltag/wettbewerb/ES1/plus/?saison_id=2017&spieltag=2"
"
																									(18.) 
																Alavés							","https://www.transfermarkt.com/laliga/spieltag/wettbewerb/ES1/plus/?saison_id=2017&spieltag=2"
"
																									(9.) 
																Girona							","https://www.transfermarkt.com/laliga/spieltag/wettbewerb/ES1/plus/?saison_id=2017&spieltag=2"
"
																									(7.) 
																Levante							","https://www.transfermarkt.com/laliga/spieltag/wettbewerb/ES1/plus/?saison_id=2017&spieltag=2"
"
																									(15.) 
																UD Las Palmas							","https://www.transfermarkt.com/laliga/spieltag/wettbewerb/ES1/plus/?saison_id=2017&spieltag=2"
"
																									(11.) 
																Espanyol							","https://www.transfermarkt.com/laliga/spieltag/wettbewerb/ES1/plus/?saison_id=2017&spieltag=2"
"
																									(6.) 
																SD Eibar							","https://www.transfermarkt.com/laliga/spieltag/wettbewerb/ES1/plus/?saison_id=2017&spieltag=2"
"
																									(13.) 
																Getafe							","https://www.transfermarkt.com/laliga/spieltag/wettbewerb/ES1/plus/?saison_id=2017&spieltag=2"
"
																									(1.) 
																Real Madrid							","https://www.transfermarkt.com/laliga/spieltag/wettbewerb/ES1/plus/?saison_id=2017&spieltag=2"
"
																									(3.) 
																CD Leganés							","https://www.transfermarkt.com/laliga/spieltag/wettbewerb/ES1/plus/?saison_id=2017&spieltag=3"
"
																									(5.) 
																Real Madrid							","https://www.transfermarkt.com/laliga/spieltag/wettbewerb/ES1/plus/?saison_id=2017&spieltag=3"
"
																									(6.) 
																Valencia							","https://www.transfermarkt.com/laliga/spieltag/wettbewerb/ES1/plus/?saison_id=2017&spieltag=3"
"
																									(9.) 
																Sevilla FC							","https://www.transfermarkt.com/laliga/spieltag/wettbewerb/ES1/plus/?saison_id=2017&spieltag=3"
"
																									(2.) 
																Barcelona							","https://www.transfermarkt.com/laliga/spieltag/wettbewerb/ES1/plus/?saison_id=2017&spieltag=3"
"
																									(15.) 
																Dep. La Coruña							","https://www.transfermarkt.com/laliga/spieltag/wettbewerb/ES1/plus/?saison_id=2017&spieltag=3"
"
																									(10.) 
																Athletic							","https://www.transfermarkt.com/laliga/spieltag/wettbewerb/ES1/plus/?saison_id=2017&spieltag=3"
"
																									(16.) 
																Celta de Vigo							","https://www.transfermarkt.com/laliga/spieltag/wettbewerb/ES1/plus/?saison_id=2017&spieltag=3"
"
																									(19.) 
																Villarreal							","https://www.transfermarkt.com/laliga/spieltag/wettbewerb/ES1/plus/?saison_id=2017&spieltag=3"
"
																									(17.) 
																Málaga CF							","https://www.transfermarkt.com/laliga/spieltag/wettbewerb/ES1/plus/?saison_id=2017&spieltag=3"
"
																									(16.) 
																SD Eibar							","https://www.transfermarkt.com/laliga/spieltag/wettbewerb/ES1/plus/?saison_id=2017&spieltag=4"
"
																									(8.) 
																Levante							","https://www.transfermarkt.com/laliga/spieltag/wettbewerb/ES1/plus/?saison_id=2017&spieltag=4"
"
																									(10.) 
																Getafe							","https://www.transfermarkt.com/laliga/spieltag/wettbewerb/ES1/plus/?saison_id=2017&spieltag=4"
"
																									(15.) 
																Real Betis							","https://www.transfermarkt.com/laliga/spieltag/wettbewerb/ES1/plus/?saison_id=2017&spieltag=4"
"
																									(6.) 
																Atlético Madrid							","https://www.transfermarkt.com/laliga/spieltag/wettbewerb/ES1/plus/?saison_id=2017&spieltag=4"
"
																									(20.) 
																Alavés							","https://www.transfermarkt.com/laliga/spieltag/wettbewerb/ES1/plus/?saison_id=2017&spieltag=4"
"
																									(11.) 
																Girona							","https://www.transfermarkt.com/laliga/spieltag/wettbewerb/ES1/plus/?saison_id=2017&spieltag=4"
"
																									(14.) 
																UD Las Palmas							","https://www.transfermarkt.com/laliga/spieltag/wettbewerb/ES1/plus/?saison_id=2017&spieltag=4"
"
																									(2.) 
																Real Sociedad							","https://www.transfermarkt.com/laliga/spieltag/wettbewerb/ES1/plus/?saison_id=2017&spieltag=4"
"
																									(18.) 
																Espanyol							","https://www.transfermarkt.com/laliga/spieltag/wettbewerb/ES1/plus/?saison_id=2017&spieltag=4"
"
																									(9.) 
																Valencia							","https://www.transfermarkt.com/laliga/spieltag/wettbewerb/ES1/plus/?saison_id=2017&spieltag=5"
"
																									(1.) 
																Barcelona							","https://www.transfermarkt.com/laliga/spieltag/wettbewerb/ES1/plus/?saison_id=2017&spieltag=5"
"
																									(10.) 
																CD Leganés							","https://www.transfermarkt.com/laliga/spieltag/wettbewerb/ES1/plus/?saison_id=2017&spieltag=5"
"
																									(6.) 
																Athletic							","https://www.transfermarkt.com/laliga/spieltag/wettbewerb/ES1/plus/?saison_id=2017&spieltag=5"
"
																									(18.) 
																Dep. La Coruña							","https://www.transfermarkt.com/laliga/spieltag/wettbewerb/ES1/plus/?saison_id=2017&spieltag=5"
"
																									(4.) 
																Real Madrid							","https://www.transfermarkt.com/laliga/spieltag/wettbewerb/ES1/plus/?saison_id=2017&spieltag=5"
"
																									(2.) 
																Sevilla FC							","https://www.transfermarkt.com/laliga/spieltag/wettbewerb/ES1/plus/?saison_id=2017&spieltag=5"
"
																									(7.) 
																Villarreal							","https://www.transfermarkt.com/laliga/spieltag/wettbewerb/ES1/plus/?saison_id=2017&spieltag=5"
"
																									(17.) 
																Celta de Vigo							","https://www.transfermarkt.com/laliga/spieltag/wettbewerb/ES1/plus/?saison_id=2017&spieltag=5"
"
																									(8.) 
																Levante							","https://www.transfermarkt.com/laliga/spieltag/wettbewerb/ES1/plus/?saison_id=2017&spieltag=5"
"
																									(3.) 
																Atlético Madrid							","https://www.transfermarkt.com/laliga/spieltag/wettbewerb/ES1/plus/?saison_id=2017&spieltag=6"
"
																									(19.) 
																Alavés							","https://www.transfermarkt.com/laliga/spieltag/wettbewerb/ES1/plus/?saison_id=2017&spieltag=6"
"
																									(20.) 
																Málaga CF							","https://www.transfermarkt.com/laliga/spieltag/wettbewerb/ES1/plus/?saison_id=2017&spieltag=6"
"
																									(15.) 
																Girona							","https://www.transfermarkt.com/laliga/spieltag/wettbewerb/ES1/plus/?saison_id=2017&spieltag=6"
"
																									(16.) 
																Espanyol							","https://www.transfermarkt.com/laliga/spieltag/wettbewerb/ES1/plus/?saison_id=2017&spieltag=6"
"
																									(14.) 
																Getafe							","https://www.transfermarkt.com/laliga/spieltag/wettbewerb/ES1/plus/?saison_id=2017&spieltag=6"
"
																									(12.) 
																UD Las Palmas							","https://www.transfermarkt.com/laliga/spieltag/wettbewerb/ES1/plus/?saison_id=2017&spieltag=6"
"
																									(13.) 
																SD Eibar							","https://www.transfermarkt.com/laliga/spieltag/wettbewerb/ES1/plus/?saison_id=2017&spieltag=6"
"
																									(6.) 
																Real Sociedad							","https://www.transfermarkt.com/laliga/spieltag/wettbewerb/ES1/plus/?saison_id=2017&spieltag=6"
"
																									(7.) 
																Real Betis							","https://www.transfermarkt.com/laliga/spieltag/wettbewerb/ES1/plus/?saison_id=2017&spieltag=6"
"
																									(13.) 
																Celta de Vigo							","https://www.transfermarkt.com/laliga/spieltag/wettbewerb/ES1/plus/?saison_id=2017&spieltag=7"
"
																									(18.) 
																Dep. La Coruña							","https://www.transfermarkt.com/laliga/spieltag/wettbewerb/ES1/plus/?saison_id=2017&spieltag=7"
"
																									(3.) 
																Sevilla FC							","https://www.transfermarkt.com/laliga/spieltag/wettbewerb/ES1/plus/?saison_id=2017&spieltag=7"
"
																									(9.) 
																Levante							","https://www.transfermarkt.com/laliga/spieltag/wettbewerb/ES1/plus/?saison_id=2017&spieltag=7"
"
																									(7.) 
																CD Leganés							","https://www.transfermarkt.com/laliga/spieltag/wettbewerb/ES1/plus/?saison_id=2017&spieltag=7"
"
																									(8.) 
																Real Sociedad							","https://www.transfermarkt.com/laliga/spieltag/wettbewerb/ES1/plus/?saison_id=2017&spieltag=7"
"
																									(1.) 
																Barcelona							","https://www.transfermarkt.com/laliga/spieltag/wettbewerb/ES1/plus/?saison_id=2017&spieltag=7"
"
																									(14.) 
																Villarreal							","https://www.transfermarkt.com/laliga/spieltag/wettbewerb/ES1/plus/?saison_id=2017&spieltag=7"
"
																									(4.) 
																Valencia							","https://www.transfermarkt.com/laliga/spieltag/wettbewerb/ES1/plus/?saison_id=2017&spieltag=7"
"
																									(6.) 
																Real Madrid							","https://www.transfermarkt.com/laliga/spieltag/wettbewerb/ES1/plus/?saison_id=2017&spieltag=7"
"
																									(14.) 
																Espanyol							","https://www.transfermarkt.com/laliga/spieltag/wettbewerb/ES1/plus/?saison_id=2017&spieltag=8"
"
																									(13.) 
																Athletic							","https://www.transfermarkt.com/laliga/spieltag/wettbewerb/ES1/plus/?saison_id=2017&spieltag=8"
"
																									(12.) 
																Getafe							","https://www.transfermarkt.com/laliga/spieltag/wettbewerb/ES1/plus/?saison_id=2017&spieltag=8"
"
																									(19.) 
																Alavés							","https://www.transfermarkt.com/laliga/spieltag/wettbewerb/ES1/plus/?saison_id=2017&spieltag=8"
"
																									(4.) 
																Atlético Madrid							","https://www.transfermarkt.com/laliga/spieltag/wettbewerb/ES1/plus/?saison_id=2017&spieltag=8"
"
																									(18.) 
																SD Eibar							","https://www.transfermarkt.com/laliga/spieltag/wettbewerb/ES1/plus/?saison_id=2017&spieltag=8"
"
																									(16.) 
																Girona							","https://www.transfermarkt.com/laliga/spieltag/wettbewerb/ES1/plus/?saison_id=2017&spieltag=8"
"
																									(20.) 
																Málaga CF							","https://www.transfermarkt.com/laliga/spieltag/wettbewerb/ES1/plus/?saison_id=2017&spieltag=8"
"
																									(6.) 
																Real Betis							","https://www.transfermarkt.com/laliga/spieltag/wettbewerb/ES1/plus/?saison_id=2017&spieltag=8"
"
																									(17.) 
																UD Las Palmas							","https://www.transfermarkt.com/laliga/spieltag/wettbewerb/ES1/plus/?saison_id=2017&spieltag=8"
"
																									(12.) 
																Levante							","https://www.transfermarkt.com/laliga/spieltag/wettbewerb/ES1/plus/?saison_id=2017&spieltag=9"
"
																									(9.) 
																Real Betis							","https://www.transfermarkt.com/laliga/spieltag/wettbewerb/ES1/plus/?saison_id=2017&spieltag=9"
"
																									(2.) 
																Valencia							","https://www.transfermarkt.com/laliga/spieltag/wettbewerb/ES1/plus/?saison_id=2017&spieltag=9"
"
																									(1.) 
																Barcelona							","https://www.transfermarkt.com/laliga/spieltag/wettbewerb/ES1/plus/?saison_id=2017&spieltag=9"
"
																									(8.) 
																Villarreal							","https://www.transfermarkt.com/laliga/spieltag/wettbewerb/ES1/plus/?saison_id=2017&spieltag=9"
"
																									(10.) 
																Celta de Vigo							","https://www.transfermarkt.com/laliga/spieltag/wettbewerb/ES1/plus/?saison_id=2017&spieltag=9"
"
																									(6.) 
																CD Leganés							","https://www.transfermarkt.com/laliga/spieltag/wettbewerb/ES1/plus/?saison_id=2017&spieltag=9"
"
																									(3.) 
																Real Madrid							","https://www.transfermarkt.com/laliga/spieltag/wettbewerb/ES1/plus/?saison_id=2017&spieltag=9"
"
																									(7.) 
																Real Sociedad							","https://www.transfermarkt.com/laliga/spieltag/wettbewerb/ES1/plus/?saison_id=2017&spieltag=9"
"
																									(15.) 
																Dep. La Coruña							","https://www.transfermarkt.com/laliga/spieltag/wettbewerb/ES1/plus/?saison_id=2017&spieltag=9"
"
																									(19.) 
																Alavés							","https://www.transfermarkt.com/laliga/spieltag/wettbewerb/ES1/plus/?saison_id=2017&spieltag=10"
"
																									(4.) 
																Atlético Madrid							","https://www.transfermarkt.com/laliga/spieltag/wettbewerb/ES1/plus/?saison_id=2017&spieltag=10"
"
																									(11.) 
																Athletic							","https://www.transfermarkt.com/laliga/spieltag/wettbewerb/ES1/plus/?saison_id=2017&spieltag=10"
"
																									(8.) 
																Sevilla FC							","https://www.transfermarkt.com/laliga/spieltag/wettbewerb/ES1/plus/?saison_id=2017&spieltag=10"
"
																									(14.) 
																Getafe							","https://www.transfermarkt.com/laliga/spieltag/wettbewerb/ES1/plus/?saison_id=2017&spieltag=10"
"
																									(15.) 
																Girona							","https://www.transfermarkt.com/laliga/spieltag/wettbewerb/ES1/plus/?saison_id=2017&spieltag=10"
"
																									(17.) 
																SD Eibar							","https://www.transfermarkt.com/laliga/spieltag/wettbewerb/ES1/plus/?saison_id=2017&spieltag=10"
"
																									(20.) 
																Málaga CF							","https://www.transfermarkt.com/laliga/spieltag/wettbewerb/ES1/plus/?saison_id=2017&spieltag=10"
"
																									(18.) 
																UD Las Palmas							","https://www.transfermarkt.com/laliga/spieltag/wettbewerb/ES1/plus/?saison_id=2017&spieltag=10"
"
																									(13.) 
																Espanyol							","https://www.transfermarkt.com/laliga/spieltag/wettbewerb/ES1/plus/?saison_id=2017&spieltag=10"
"
																									(8.) 
																Real Betis							","https://www.transfermarkt.com/laliga/spieltag/wettbewerb/ES1/plus/?saison_id=2017&spieltag=11"
"
																									(2.) 
																Valencia							","https://www.transfermarkt.com/laliga/spieltag/wettbewerb/ES1/plus/?saison_id=2017&spieltag=11"
"
																									(16.) 
																Dep. La Coruña							","https://www.transfermarkt.com/laliga/spieltag/wettbewerb/ES1/plus/?saison_id=2017&spieltag=11"
"
																									(20.) 
																Alavés							","https://www.transfermarkt.com/laliga/spieltag/wettbewerb/ES1/plus/?saison_id=2017&spieltag=11"
"
																									(1.) 
																Barcelona							","https://www.transfermarkt.com/laliga/spieltag/wettbewerb/ES1/plus/?saison_id=2017&spieltag=11"
"
																									(12.) 
																Levante							","https://www.transfermarkt.com/laliga/spieltag/wettbewerb/ES1/plus/?saison_id=2017&spieltag=11"
"
																									(14.) 
																Celta de Vigo							","https://www.transfermarkt.com/laliga/spieltag/wettbewerb/ES1/plus/?saison_id=2017&spieltag=11"
"
																									(9.) 
																Real Sociedad							","https://www.transfermarkt.com/laliga/spieltag/wettbewerb/ES1/plus/?saison_id=2017&spieltag=11"
"
																									(6.) 
																Villarreal							","https://www.transfermarkt.com/laliga/spieltag/wettbewerb/ES1/plus/?saison_id=2017&spieltag=11"
"
																									(3.) 
																Real Madrid							","https://www.transfermarkt.com/laliga/spieltag/wettbewerb/ES1/plus/?saison_id=2017&spieltag=11"
"
																									(10.) 
																Girona							","https://www.transfermarkt.com/laliga/spieltag/wettbewerb/ES1/plus/?saison_id=2017&spieltag=12"
"
																									(12.) 
																Getafe							","https://www.transfermarkt.com/laliga/spieltag/wettbewerb/ES1/plus/?saison_id=2017&spieltag=12"
"
																									(9.) 
																CD Leganés							","https://www.transfermarkt.com/laliga/spieltag/wettbewerb/ES1/plus/?saison_id=2017&spieltag=12"
"
																									(6.) 
																Sevilla FC							","https://www.transfermarkt.com/laliga/spieltag/wettbewerb/ES1/plus/?saison_id=2017&spieltag=12"
"
																									(4.) 
																Atlético Madrid							","https://www.transfermarkt.com/laliga/spieltag/wettbewerb/ES1/plus/?saison_id=2017&spieltag=12"
"
																									(20.) 
																Málaga CF							","https://www.transfermarkt.com/laliga/spieltag/wettbewerb/ES1/plus/?saison_id=2017&spieltag=12"
"
																									(13.) 
																Espanyol							","https://www.transfermarkt.com/laliga/spieltag/wettbewerb/ES1/plus/?saison_id=2017&spieltag=12"
"
																									(19.) 
																UD Las Palmas							","https://www.transfermarkt.com/laliga/spieltag/wettbewerb/ES1/plus/?saison_id=2017&spieltag=12"
"
																									(15.) 
																Athletic							","https://www.transfermarkt.com/laliga/spieltag/wettbewerb/ES1/plus/?saison_id=2017&spieltag=12"
"
																									(17.) 
																SD Eibar							","https://www.transfermarkt.com/laliga/spieltag/wettbewerb/ES1/plus/?saison_id=2017&spieltag=12"
"
																									(13.) 
																Celta de Vigo							","https://www.transfermarkt.com/laliga/spieltag/wettbewerb/ES1/plus/?saison_id=2017&spieltag=13"
"
																									(19.) 
																Alavés							","https://www.transfermarkt.com/laliga/spieltag/wettbewerb/ES1/plus/?saison_id=2017&spieltag=13"
"
																									(3.) 
																Real Madrid							","https://www.transfermarkt.com/laliga/spieltag/wettbewerb/ES1/plus/?saison_id=2017&spieltag=13"
"
																									(9.) 
																Real Betis							","https://www.transfermarkt.com/laliga/spieltag/wettbewerb/ES1/plus/?saison_id=2017&spieltag=13"
"
																									(12.) 
																Levante							","https://www.transfermarkt.com/laliga/spieltag/wettbewerb/ES1/plus/?saison_id=2017&spieltag=13"
"
																									(16.) 
																Dep. La Coruña							","https://www.transfermarkt.com/laliga/spieltag/wettbewerb/ES1/plus/?saison_id=2017&spieltag=13"
"
																									(7.) 
																Real Sociedad							","https://www.transfermarkt.com/laliga/spieltag/wettbewerb/ES1/plus/?saison_id=2017&spieltag=13"
"
																									(6.) 
																Villarreal							","https://www.transfermarkt.com/laliga/spieltag/wettbewerb/ES1/plus/?saison_id=2017&spieltag=13"
"
																									(2.) 
																Valencia							","https://www.transfermarkt.com/laliga/spieltag/wettbewerb/ES1/plus/?saison_id=2017&spieltag=13"
"
																									(14.) 
																Espanyol							","https://www.transfermarkt.com/laliga/spieltag/wettbewerb/ES1/plus/?saison_id=2017&spieltag=13"
"
																									(18.) 
																Málaga CF							","https://www.transfermarkt.com/laliga/spieltag/wettbewerb/ES1/plus/?saison_id=2017&spieltag=14"
"
																									(1.) 
																Barcelona							","https://www.transfermarkt.com/laliga/spieltag/wettbewerb/ES1/plus/?saison_id=2017&spieltag=14"
"
																									(3.) 
																Atlético Madrid							","https://www.transfermarkt.com/laliga/spieltag/wettbewerb/ES1/plus/?saison_id=2017&spieltag=14"
"
																									(5.) 
																Sevilla FC							","https://www.transfermarkt.com/laliga/spieltag/wettbewerb/ES1/plus/?saison_id=2017&spieltag=14"
"
																									(16.) 
																Athletic							","https://www.transfermarkt.com/laliga/spieltag/wettbewerb/ES1/plus/?saison_id=2017&spieltag=14"
"
																									(11.) 
																CD Leganés							","https://www.transfermarkt.com/laliga/spieltag/wettbewerb/ES1/plus/?saison_id=2017&spieltag=14"
"
																									(12.) 
																Getafe							","https://www.transfermarkt.com/laliga/spieltag/wettbewerb/ES1/plus/?saison_id=2017&spieltag=14"
"
																									(15.) 
																SD Eibar							","https://www.transfermarkt.com/laliga/spieltag/wettbewerb/ES1/plus/?saison_id=2017&spieltag=14"
"
																									(19.) 
																UD Las Palmas							","https://www.transfermarkt.com/laliga/spieltag/wettbewerb/ES1/plus/?saison_id=2017&spieltag=14"
"
																									(10.) 
																Girona							","https://www.transfermarkt.com/laliga/spieltag/wettbewerb/ES1/plus/?saison_id=2017&spieltag=14"
"
																									(19.) 
																Alavés							","https://www.transfermarkt.com/laliga/spieltag/wettbewerb/ES1/plus/?saison_id=2017&spieltag=15"
"
																									(8.) 
																Getafe							","https://www.transfermarkt.com/laliga/spieltag/wettbewerb/ES1/plus/?saison_id=2017&spieltag=15"
"
																									(4.) 
																Real Madrid							","https://www.transfermarkt.com/laliga/spieltag/wettbewerb/ES1/plus/?saison_id=2017&spieltag=15"
"
																									(17.) 
																Dep. La Coruña							","https://www.transfermarkt.com/laliga/spieltag/wettbewerb/ES1/plus/?saison_id=2017&spieltag=15"
"
																									(2.) 
																Valencia							","https://www.transfermarkt.com/laliga/spieltag/wettbewerb/ES1/plus/?saison_id=2017&spieltag=15"
"
																									(9.) 
																Real Sociedad							","https://www.transfermarkt.com/laliga/spieltag/wettbewerb/ES1/plus/?saison_id=2017&spieltag=15"
"
																									(11.) 
																Real Betis							","https://www.transfermarkt.com/laliga/spieltag/wettbewerb/ES1/plus/?saison_id=2017&spieltag=15"
"
																									(14.) 
																Levante							","https://www.transfermarkt.com/laliga/spieltag/wettbewerb/ES1/plus/?saison_id=2017&spieltag=15"
"
																									(6.) 
																Villarreal							","https://www.transfermarkt.com/laliga/spieltag/wettbewerb/ES1/plus/?saison_id=2017&spieltag=15"
"
																									(15.) 
																Espanyol							","https://www.transfermarkt.com/laliga/spieltag/wettbewerb/ES1/plus/?saison_id=2017&spieltag=15"
"
																									(5.) 
																Sevilla FC							","https://www.transfermarkt.com/laliga/spieltag/wettbewerb/ES1/plus/?saison_id=2017&spieltag=16"
"
																									(14.) 
																Athletic							","https://www.transfermarkt.com/laliga/spieltag/wettbewerb/ES1/plus/?saison_id=2017&spieltag=16"
"
																									(13.) 
																SD Eibar							","https://www.transfermarkt.com/laliga/spieltag/wettbewerb/ES1/plus/?saison_id=2017&spieltag=16"
"
																									(3.) 
																Atlético Madrid							","https://www.transfermarkt.com/laliga/spieltag/wettbewerb/ES1/plus/?saison_id=2017&spieltag=16"
"
																									(9.) 
																Girona							","https://www.transfermarkt.com/laliga/spieltag/wettbewerb/ES1/plus/?saison_id=2017&spieltag=16"
"
																									(11.) 
																Celta de Vigo							","https://www.transfermarkt.com/laliga/spieltag/wettbewerb/ES1/plus/?saison_id=2017&spieltag=16"
"
																									(20.) 
																UD Las Palmas							","https://www.transfermarkt.com/laliga/spieltag/wettbewerb/ES1/plus/?saison_id=2017&spieltag=16"
"
																									(1.) 
																Barcelona							","https://www.transfermarkt.com/laliga/spieltag/wettbewerb/ES1/plus/?saison_id=2017&spieltag=16"
"
																									(19.) 
																Málaga CF							","https://www.transfermarkt.com/laliga/spieltag/wettbewerb/ES1/plus/?saison_id=2017&spieltag=16"
"
																									(8.) 
																CD Leganés							","https://www.transfermarkt.com/laliga/spieltag/wettbewerb/ES1/plus/?saison_id=2017&spieltag=16"
"
																									(15.) 
																Levante							","https://www.transfermarkt.com/laliga/spieltag/wettbewerb/ES1/plus/?saison_id=2017&spieltag=17"
"
																									(10.) 
																Getafe							","https://www.transfermarkt.com/laliga/spieltag/wettbewerb/ES1/plus/?saison_id=2017&spieltag=17"
"
																									(11.) 
																Real Sociedad							","https://www.transfermarkt.com/laliga/spieltag/wettbewerb/ES1/plus/?saison_id=2017&spieltag=17"
"
																									(9.) 
																SD Eibar							","https://www.transfermarkt.com/laliga/spieltag/wettbewerb/ES1/plus/?saison_id=2017&spieltag=17"
"
																									(18.) 
																Alavés							","https://www.transfermarkt.com/laliga/spieltag/wettbewerb/ES1/plus/?saison_id=2017&spieltag=17"
"
																									(8.) 
																Real Betis							","https://www.transfermarkt.com/laliga/spieltag/wettbewerb/ES1/plus/?saison_id=2017&spieltag=17"
"
																									(16.) 
																Espanyol							","https://www.transfermarkt.com/laliga/spieltag/wettbewerb/ES1/plus/?saison_id=2017&spieltag=17"
"
																									(3.) 
																Real Madrid							","https://www.transfermarkt.com/laliga/spieltag/wettbewerb/ES1/plus/?saison_id=2017&spieltag=17"
"
																									(4.) 
																Valencia							","https://www.transfermarkt.com/laliga/spieltag/wettbewerb/ES1/plus/?saison_id=2017&spieltag=17"
"
																									(17.) 
																Dep. La Coruña							","https://www.transfermarkt.com/laliga/spieltag/wettbewerb/ES1/plus/?saison_id=2017&spieltag=17"
"
																									(2.) 
																Atlético Madrid							","https://www.transfermarkt.com/laliga/spieltag/wettbewerb/ES1/plus/?saison_id=2017&spieltag=18"
"
																									(3.) 
																Valencia							","https://www.transfermarkt.com/laliga/spieltag/wettbewerb/ES1/plus/?saison_id=2017&spieltag=18"
"
																									(20.) 
																UD Las Palmas							","https://www.transfermarkt.com/laliga/spieltag/wettbewerb/ES1/plus/?saison_id=2017&spieltag=18"
"
																									(5.) 
																Sevilla FC							","https://www.transfermarkt.com/laliga/spieltag/wettbewerb/ES1/plus/?saison_id=2017&spieltag=18"
"
																									(13.) 
																CD Leganés							","https://www.transfermarkt.com/laliga/spieltag/wettbewerb/ES1/plus/?saison_id=2017&spieltag=18"
"
																									(1.) 
																Barcelona							","https://www.transfermarkt.com/laliga/spieltag/wettbewerb/ES1/plus/?saison_id=2017&spieltag=18"
"
																									(12.) 
																Athletic							","https://www.transfermarkt.com/laliga/spieltag/wettbewerb/ES1/plus/?saison_id=2017&spieltag=18"
"
																									(6.) 
																Villarreal							","https://www.transfermarkt.com/laliga/spieltag/wettbewerb/ES1/plus/?saison_id=2017&spieltag=18"
"
																									(11.) 
																Celta de Vigo							","https://www.transfermarkt.com/laliga/spieltag/wettbewerb/ES1/plus/?saison_id=2017&spieltag=18"
"
																									(19.) 
																Málaga CF							","https://www.transfermarkt.com/laliga/spieltag/wettbewerb/ES1/plus/?saison_id=2017&spieltag=18"
"
																									(11.) 
																Getafe							","https://www.transfermarkt.com/laliga/spieltag/wettbewerb/ES1/plus/?saison_id=2017&spieltag=19"
"
																									(13.) 
																Girona							","https://www.transfermarkt.com/laliga/spieltag/wettbewerb/ES1/plus/?saison_id=2017&spieltag=19"
"
																									(4.) 
																Real Madrid							","https://www.transfermarkt.com/laliga/spieltag/wettbewerb/ES1/plus/?saison_id=2017&spieltag=19"
"
																									(7.) 
																SD Eibar							","https://www.transfermarkt.com/laliga/spieltag/wettbewerb/ES1/plus/?saison_id=2017&spieltag=19"
"
																									(17.) 
																Dep. La Coruña							","https://www.transfermarkt.com/laliga/spieltag/wettbewerb/ES1/plus/?saison_id=2017&spieltag=19"
"
																									(16.) 
																Levante							","https://www.transfermarkt.com/laliga/spieltag/wettbewerb/ES1/plus/?saison_id=2017&spieltag=19"
"
																									(18.) 
																Alavés							","https://www.transfermarkt.com/laliga/spieltag/wettbewerb/ES1/plus/?saison_id=2017&spieltag=19"
"
																									(14.) 
																Espanyol							","https://www.transfermarkt.com/laliga/spieltag/wettbewerb/ES1/plus/?saison_id=2017&spieltag=19"
"
																									(12.) 
																Real Sociedad							","https://www.transfermarkt.com/laliga/spieltag/wettbewerb/ES1/plus/?saison_id=2017&spieltag=19"
"
																									(10.) 
																Real Betis							","https://www.transfermarkt.com/laliga/spieltag/wettbewerb/ES1/plus/?saison_id=2017&spieltag=19"
"
																									(9.) 
																Getafe							","https://www.transfermarkt.com/laliga/spieltag/wettbewerb/ES1/plus/?saison_id=2017&spieltag=20"
"
																									(14.) 
																Espanyol							","https://www.transfermarkt.com/laliga/spieltag/wettbewerb/ES1/plus/?saison_id=2017&spieltag=20"
"
																									(2.) 
																Atlético Madrid							","https://www.transfermarkt.com/laliga/spieltag/wettbewerb/ES1/plus/?saison_id=2017&spieltag=20"
"
																									(5.) 
																Villarreal							","https://www.transfermarkt.com/laliga/spieltag/wettbewerb/ES1/plus/?saison_id=2017&spieltag=20"
"
																									(20.) 
																UD Las Palmas							","https://www.transfermarkt.com/laliga/spieltag/wettbewerb/ES1/plus/?saison_id=2017&spieltag=20"
"
																									(17.) 
																Alavés							","https://www.transfermarkt.com/laliga/spieltag/wettbewerb/ES1/plus/?saison_id=2017&spieltag=20"
"
																									(4.) 
																Real Madrid							","https://www.transfermarkt.com/laliga/spieltag/wettbewerb/ES1/plus/?saison_id=2017&spieltag=20"
"
																									(15.) 
																Real Sociedad							","https://www.transfermarkt.com/laliga/spieltag/wettbewerb/ES1/plus/?saison_id=2017&spieltag=20"
"
																									(7.) 
																Real Betis							","https://www.transfermarkt.com/laliga/spieltag/wettbewerb/ES1/plus/?saison_id=2017&spieltag=20"
"
																									(8.) 
																SD Eibar							","https://www.transfermarkt.com/laliga/spieltag/wettbewerb/ES1/plus/?saison_id=2017&spieltag=20"
"
																									(12.) 
																Athletic							","https://www.transfermarkt.com/laliga/spieltag/wettbewerb/ES1/plus/?saison_id=2017&spieltag=21"
"
																									(18.) 
																Dep. La Coruña							","https://www.transfermarkt.com/laliga/spieltag/wettbewerb/ES1/plus/?saison_id=2017&spieltag=21"
"
																									(3.) 
																Valencia							","https://www.transfermarkt.com/laliga/spieltag/wettbewerb/ES1/plus/?saison_id=2017&spieltag=21"
"
																									(20.) 
																Málaga CF							","https://www.transfermarkt.com/laliga/spieltag/wettbewerb/ES1/plus/?saison_id=2017&spieltag=21"
"
																									(5.) 
																Villarreal							","https://www.transfermarkt.com/laliga/spieltag/wettbewerb/ES1/plus/?saison_id=2017&spieltag=21"
"
																									(13.) 
																CD Leganés							","https://www.transfermarkt.com/laliga/spieltag/wettbewerb/ES1/plus/?saison_id=2017&spieltag=21"
"
																									(2.) 
																Atlético Madrid							","https://www.transfermarkt.com/laliga/spieltag/wettbewerb/ES1/plus/?saison_id=2017&spieltag=21"
"
																									(6.) 
																Sevilla FC							","https://www.transfermarkt.com/laliga/spieltag/wettbewerb/ES1/plus/?saison_id=2017&spieltag=21"
"
																									(1.) 
																Barcelona							","https://www.transfermarkt.com/laliga/spieltag/wettbewerb/ES1/plus/?saison_id=2017&spieltag=21"
"
																									(7.) 
																Celta de Vigo							","https://www.transfermarkt.com/laliga/spieltag/wettbewerb/ES1/plus/?saison_id=2017&spieltag=21"
"
																									(15.) 
																Real Sociedad							","https://www.transfermarkt.com/laliga/spieltag/wettbewerb/ES1/plus/?saison_id=2017&spieltag=22"
"
																									(8.) 
																SD Eibar							","https://www.transfermarkt.com/laliga/spieltag/wettbewerb/ES1/plus/?saison_id=2017&spieltag=22"
"
																									(13.) 
																Real Betis							","https://www.transfermarkt.com/laliga/spieltag/wettbewerb/ES1/plus/?saison_id=2017&spieltag=22"
"
																									(17.) 
																Alavés							","https://www.transfermarkt.com/laliga/spieltag/wettbewerb/ES1/plus/?saison_id=2017&spieltag=22"
"
																									(16.) 
																Levante							","https://www.transfermarkt.com/laliga/spieltag/wettbewerb/ES1/plus/?saison_id=2017&spieltag=22"
"
																									(9.) 
																Getafe							","https://www.transfermarkt.com/laliga/spieltag/wettbewerb/ES1/plus/?saison_id=2017&spieltag=22"
"
																									(14.) 
																Espanyol							","https://www.transfermarkt.com/laliga/spieltag/wettbewerb/ES1/plus/?saison_id=2017&spieltag=22"
"
																									(10.) 
																Girona							","https://www.transfermarkt.com/laliga/spieltag/wettbewerb/ES1/plus/?saison_id=2017&spieltag=22"
"
																									(2.) 
																Atlético Madrid							","https://www.transfermarkt.com/laliga/spieltag/wettbewerb/ES1/plus/?saison_id=2017&spieltag=22"
"
																									(19.) 
																UD Las Palmas							","https://www.transfermarkt.com/laliga/spieltag/wettbewerb/ES1/plus/?saison_id=2017&spieltag=22"
"
																									(13.) 
																Athletic							","https://www.transfermarkt.com/laliga/spieltag/wettbewerb/ES1/plus/?saison_id=2017&spieltag=23"
"
																									(5.) 
																Villarreal							","https://www.transfermarkt.com/laliga/spieltag/wettbewerb/ES1/plus/?saison_id=2017&spieltag=23"
"
																									(20.) 
																Málaga CF							","https://www.transfermarkt.com/laliga/spieltag/wettbewerb/ES1/plus/?saison_id=2017&spieltag=23"
"
																									(12.) 
																CD Leganés							","https://www.transfermarkt.com/laliga/spieltag/wettbewerb/ES1/plus/?saison_id=2017&spieltag=23"
"
																									(3.) 
																Real Madrid							","https://www.transfermarkt.com/laliga/spieltag/wettbewerb/ES1/plus/?saison_id=2017&spieltag=23"
"
																									(6.) 
																Sevilla FC							","https://www.transfermarkt.com/laliga/spieltag/wettbewerb/ES1/plus/?saison_id=2017&spieltag=23"
"
																									(1.) 
																Barcelona							","https://www.transfermarkt.com/laliga/spieltag/wettbewerb/ES1/plus/?saison_id=2017&spieltag=23"
"
																									(8.) 
																Celta de Vigo							","https://www.transfermarkt.com/laliga/spieltag/wettbewerb/ES1/plus/?saison_id=2017&spieltag=23"
"
																									(4.) 
																Valencia							","https://www.transfermarkt.com/laliga/spieltag/wettbewerb/ES1/plus/?saison_id=2017&spieltag=23"
"
																									(18.) 
																Dep. La Coruña							","https://www.transfermarkt.com/laliga/spieltag/wettbewerb/ES1/plus/?saison_id=2017&spieltag=23"
"
																									(10.) 
																Girona							","https://www.transfermarkt.com/laliga/spieltag/wettbewerb/ES1/plus/?saison_id=2017&spieltag=24"
"
																									(18.) 
																UD Las Palmas							","https://www.transfermarkt.com/laliga/spieltag/wettbewerb/ES1/plus/?saison_id=2017&spieltag=24"
"
																									(7.) 
																SD Eibar							","https://www.transfermarkt.com/laliga/spieltag/wettbewerb/ES1/plus/?saison_id=2017&spieltag=24"
"
																									(16.) 
																Alavés							","https://www.transfermarkt.com/laliga/spieltag/wettbewerb/ES1/plus/?saison_id=2017&spieltag=24"
"
																									(20.) 
																Málaga CF							","https://www.transfermarkt.com/laliga/spieltag/wettbewerb/ES1/plus/?saison_id=2017&spieltag=24"
"
																									(14.) 
																Real Sociedad							","https://www.transfermarkt.com/laliga/spieltag/wettbewerb/ES1/plus/?saison_id=2017&spieltag=24"
"
																									(2.) 
																Atlético Madrid							","https://www.transfermarkt.com/laliga/spieltag/wettbewerb/ES1/plus/?saison_id=2017&spieltag=24"
"
																									(15.) 
																Espanyol							","https://www.transfermarkt.com/laliga/spieltag/wettbewerb/ES1/plus/?saison_id=2017&spieltag=24"
"
																									(8.) 
																Real Betis							","https://www.transfermarkt.com/laliga/spieltag/wettbewerb/ES1/plus/?saison_id=2017&spieltag=24"
"
																									(11.) 
																Getafe							","https://www.transfermarkt.com/laliga/spieltag/wettbewerb/ES1/plus/?saison_id=2017&spieltag=24"
"
																									(19.) 
																Dep. La Coruña							","https://www.transfermarkt.com/laliga/spieltag/wettbewerb/ES1/plus/?saison_id=2017&spieltag=25"
"
																									(11.) 
																Celta de Vigo							","https://www.transfermarkt.com/laliga/spieltag/wettbewerb/ES1/plus/?saison_id=2017&spieltag=25"
"
																									(3.) 
																Real Madrid							","https://www.transfermarkt.com/laliga/spieltag/wettbewerb/ES1/plus/?saison_id=2017&spieltag=25"
"
																									(13.) 
																CD Leganés							","https://www.transfermarkt.com/laliga/spieltag/wettbewerb/ES1/plus/?saison_id=2017&spieltag=25"
"
																									(1.) 
																Barcelona							","https://www.transfermarkt.com/laliga/spieltag/wettbewerb/ES1/plus/?saison_id=2017&spieltag=25"
"
																									(6.) 
																Villarreal							","https://www.transfermarkt.com/laliga/spieltag/wettbewerb/ES1/plus/?saison_id=2017&spieltag=25"
"
																									(14.) 
																Athletic							","https://www.transfermarkt.com/laliga/spieltag/wettbewerb/ES1/plus/?saison_id=2017&spieltag=25"
"
																									(4.) 
																Valencia							","https://www.transfermarkt.com/laliga/spieltag/wettbewerb/ES1/plus/?saison_id=2017&spieltag=25"
"
																									(5.) 
																Sevilla FC							","https://www.transfermarkt.com/laliga/spieltag/wettbewerb/ES1/plus/?saison_id=2017&spieltag=25"
"
																									(17.) 
																Levante							","https://www.transfermarkt.com/laliga/spieltag/wettbewerb/ES1/plus/?saison_id=2017&spieltag=25"
"
																									(15.) 
																Espanyol							","https://www.transfermarkt.com/laliga/spieltag/wettbewerb/ES1/plus/?saison_id=2017&spieltag=26"
"
																									(10.) 
																Girona							","https://www.transfermarkt.com/laliga/spieltag/wettbewerb/ES1/plus/?saison_id=2017&spieltag=26"
"
																									(12.) 
																Athletic							","https://www.transfermarkt.com/laliga/spieltag/wettbewerb/ES1/plus/?saison_id=2017&spieltag=26"
"
																									(20.) 
																Málaga CF							","https://www.transfermarkt.com/laliga/spieltag/wettbewerb/ES1/plus/?saison_id=2017&spieltag=26"
"
																									(11.) 
																Getafe							","https://www.transfermarkt.com/laliga/spieltag/wettbewerb/ES1/plus/?saison_id=2017&spieltag=26"
"
																									(2.) 
																Atlético Madrid							","https://www.transfermarkt.com/laliga/spieltag/wettbewerb/ES1/plus/?saison_id=2017&spieltag=26"
"
																									(9.) 
																SD Eibar							","https://www.transfermarkt.com/laliga/spieltag/wettbewerb/ES1/plus/?saison_id=2017&spieltag=26"
"
																									(7.) 
																Real Betis							","https://www.transfermarkt.com/laliga/spieltag/wettbewerb/ES1/plus/?saison_id=2017&spieltag=26"
"
																									(18.) 
																UD Las Palmas							","https://www.transfermarkt.com/laliga/spieltag/wettbewerb/ES1/plus/?saison_id=2017&spieltag=26"
"
																									(16.) 
																Alavés							","https://www.transfermarkt.com/laliga/spieltag/wettbewerb/ES1/plus/?saison_id=2017&spieltag=26"
"
																									(6.) 
																Villarreal							","https://www.transfermarkt.com/laliga/spieltag/wettbewerb/ES1/plus/?saison_id=2017&spieltag=27"
"
																									(5.) 
																Sevilla FC							","https://www.transfermarkt.com/laliga/spieltag/wettbewerb/ES1/plus/?saison_id=2017&spieltag=27"
"
																									(16.) 
																CD Leganés							","https://www.transfermarkt.com/laliga/spieltag/wettbewerb/ES1/plus/?saison_id=2017&spieltag=27"
"
																									(19.) 
																Dep. La Coruña							","https://www.transfermarkt.com/laliga/spieltag/wettbewerb/ES1/plus/?saison_id=2017&spieltag=27"
"
																									(3.) 
																Real Madrid							","https://www.transfermarkt.com/laliga/spieltag/wettbewerb/ES1/plus/?saison_id=2017&spieltag=27"
"
																									(17.) 
																Levante							","https://www.transfermarkt.com/laliga/spieltag/wettbewerb/ES1/plus/?saison_id=2017&spieltag=27"
"
																									(1.) 
																Barcelona							","https://www.transfermarkt.com/laliga/spieltag/wettbewerb/ES1/plus/?saison_id=2017&spieltag=27"
"
																									(15.) 
																Real Sociedad							","https://www.transfermarkt.com/laliga/spieltag/wettbewerb/ES1/plus/?saison_id=2017&spieltag=27"
"
																									(4.) 
																Valencia							","https://www.transfermarkt.com/laliga/spieltag/wettbewerb/ES1/plus/?saison_id=2017&spieltag=27"
"
																									(11.) 
																Celta de Vigo							","https://www.transfermarkt.com/laliga/spieltag/wettbewerb/ES1/plus/?saison_id=2017&spieltag=27"
"
																									(7.) 
																Girona							","https://www.transfermarkt.com/laliga/spieltag/wettbewerb/ES1/plus/?saison_id=2017&spieltag=28"
"
																									(8.) 
																SD Eibar							","https://www.transfermarkt.com/laliga/spieltag/wettbewerb/ES1/plus/?saison_id=2017&spieltag=28"
"
																									(5.) 
																Sevilla FC							","https://www.transfermarkt.com/laliga/spieltag/wettbewerb/ES1/plus/?saison_id=2017&spieltag=28"
"
																									(11.) 
																Getafe							","https://www.transfermarkt.com/laliga/spieltag/wettbewerb/ES1/plus/?saison_id=2017&spieltag=28"
"
																									(20.) 
																Málaga CF							","https://www.transfermarkt.com/laliga/spieltag/wettbewerb/ES1/plus/?saison_id=2017&spieltag=28"
"
																									(15.) 
																Espanyol							","https://www.transfermarkt.com/laliga/spieltag/wettbewerb/ES1/plus/?saison_id=2017&spieltag=28"
"
																									(2.) 
																Atlético Madrid							","https://www.transfermarkt.com/laliga/spieltag/wettbewerb/ES1/plus/?saison_id=2017&spieltag=28"
"
																									(18.) 
																UD Las Palmas							","https://www.transfermarkt.com/laliga/spieltag/wettbewerb/ES1/plus/?saison_id=2017&spieltag=28"
"
																									(14.) 
																Athletic							","https://www.transfermarkt.com/laliga/spieltag/wettbewerb/ES1/plus/?saison_id=2017&spieltag=28"
"
																									(16.) 
																Alavés							","https://www.transfermarkt.com/laliga/spieltag/wettbewerb/ES1/plus/?saison_id=2017&spieltag=28"
"
																									(17.) 
																Levante							","https://www.transfermarkt.com/laliga/spieltag/wettbewerb/ES1/plus/?saison_id=2017&spieltag=29"
"
																									(19.) 
																Dep. La Coruña							","https://www.transfermarkt.com/laliga/spieltag/wettbewerb/ES1/plus/?saison_id=2017&spieltag=29"
"
																									(4.) 
																Valencia							","https://www.transfermarkt.com/laliga/spieltag/wettbewerb/ES1/plus/?saison_id=2017&spieltag=29"
"
																									(14.) 
																Real Sociedad							","https://www.transfermarkt.com/laliga/spieltag/wettbewerb/ES1/plus/?saison_id=2017&spieltag=29"
"
																									(8.) 
																Real Betis							","https://www.transfermarkt.com/laliga/spieltag/wettbewerb/ES1/plus/?saison_id=2017&spieltag=29"
"
																									(15.) 
																CD Leganés							","https://www.transfermarkt.com/laliga/spieltag/wettbewerb/ES1/plus/?saison_id=2017&spieltag=29"
"
																									(1.) 
																Barcelona							","https://www.transfermarkt.com/laliga/spieltag/wettbewerb/ES1/plus/?saison_id=2017&spieltag=29"
"
																									(10.) 
																Celta de Vigo							","https://www.transfermarkt.com/laliga/spieltag/wettbewerb/ES1/plus/?saison_id=2017&spieltag=29"
"
																									(6.) 
																Villarreal							","https://www.transfermarkt.com/laliga/spieltag/wettbewerb/ES1/plus/?saison_id=2017&spieltag=29"
"
																									(3.) 
																Real Madrid							","https://www.transfermarkt.com/laliga/spieltag/wettbewerb/ES1/plus/?saison_id=2017&spieltag=29"
"
																									(7.) 
																Girona							","https://www.transfermarkt.com/laliga/spieltag/wettbewerb/ES1/plus/?saison_id=2017&spieltag=30"
"
																									(13.) 
																Athletic							","https://www.transfermarkt.com/laliga/spieltag/wettbewerb/ES1/plus/?saison_id=2017&spieltag=30"
"
																									(18.) 
																UD Las Palmas							","https://www.transfermarkt.com/laliga/spieltag/wettbewerb/ES1/plus/?saison_id=2017&spieltag=30"
"
																									(6.) 
																Sevilla FC							","https://www.transfermarkt.com/laliga/spieltag/wettbewerb/ES1/plus/?saison_id=2017&spieltag=30"
"
																									(14.) 
																Espanyol							","https://www.transfermarkt.com/laliga/spieltag/wettbewerb/ES1/plus/?saison_id=2017&spieltag=30"
"
																									(12.) 
																CD Leganés							","https://www.transfermarkt.com/laliga/spieltag/wettbewerb/ES1/plus/?saison_id=2017&spieltag=30"
"
																									(11.) 
																SD Eibar							","https://www.transfermarkt.com/laliga/spieltag/wettbewerb/ES1/plus/?saison_id=2017&spieltag=30"
"
																									(20.) 
																Málaga CF							","https://www.transfermarkt.com/laliga/spieltag/wettbewerb/ES1/plus/?saison_id=2017&spieltag=30"
"
																									(2.) 
																Atlético Madrid							","https://www.transfermarkt.com/laliga/spieltag/wettbewerb/ES1/plus/?saison_id=2017&spieltag=30"
"
																									(9.) 
																Getafe							","https://www.transfermarkt.com/laliga/spieltag/wettbewerb/ES1/plus/?saison_id=2017&spieltag=30"
"
																									(19.) 
																Dep. La Coruña							","https://www.transfermarkt.com/laliga/spieltag/wettbewerb/ES1/plus/?saison_id=2017&spieltag=31"
"
																									(16.) 
																Alavés							","https://www.transfermarkt.com/laliga/spieltag/wettbewerb/ES1/plus/?saison_id=2017&spieltag=31"
"
																									(9.) 
																Celta de Vigo							","https://www.transfermarkt.com/laliga/spieltag/wettbewerb/ES1/plus/?saison_id=2017&spieltag=31"
"
																									(6.) 
																Real Betis							","https://www.transfermarkt.com/laliga/spieltag/wettbewerb/ES1/plus/?saison_id=2017&spieltag=31"
"
																									(1.) 
																Barcelona							","https://www.transfermarkt.com/laliga/spieltag/wettbewerb/ES1/plus/?saison_id=2017&spieltag=31"
"
																									(17.) 
																Levante							","https://www.transfermarkt.com/laliga/spieltag/wettbewerb/ES1/plus/?saison_id=2017&spieltag=31"
"
																									(3.) 
																Real Madrid							","https://www.transfermarkt.com/laliga/spieltag/wettbewerb/ES1/plus/?saison_id=2017&spieltag=31"
"
																									(15.) 
																Real Sociedad							","https://www.transfermarkt.com/laliga/spieltag/wettbewerb/ES1/plus/?saison_id=2017&spieltag=31"
"
																									(4.) 
																Valencia							","https://www.transfermarkt.com/laliga/spieltag/wettbewerb/ES1/plus/?saison_id=2017&spieltag=31"
"
																									(5.) 
																Villarreal							","https://www.transfermarkt.com/laliga/spieltag/wettbewerb/ES1/plus/?saison_id=2017&spieltag=31"
"
																									(8.) 
																Girona							","https://www.transfermarkt.com/laliga/spieltag/wettbewerb/ES1/plus/?saison_id=2017&spieltag=32"
"
																									(7.) 
																Sevilla FC							","https://www.transfermarkt.com/laliga/spieltag/wettbewerb/ES1/plus/?saison_id=2017&spieltag=32"
"
																									(1.) 
																Barcelona							","https://www.transfermarkt.com/laliga/spieltag/wettbewerb/ES1/plus/?saison_id=2017&spieltag=32"
"
																									(19.) 
																UD Las Palmas							","https://www.transfermarkt.com/laliga/spieltag/wettbewerb/ES1/plus/?saison_id=2017&spieltag=32"
"
																									(15.) 
																CD Leganés							","https://www.transfermarkt.com/laliga/spieltag/wettbewerb/ES1/plus/?saison_id=2017&spieltag=32"
"
																									(12.) 
																Athletic							","https://www.transfermarkt.com/laliga/spieltag/wettbewerb/ES1/plus/?saison_id=2017&spieltag=32"
"
																									(10.) 
																SD Eibar							","https://www.transfermarkt.com/laliga/spieltag/wettbewerb/ES1/plus/?saison_id=2017&spieltag=32"
"
																									(2.) 
																Atlético Madrid							","https://www.transfermarkt.com/laliga/spieltag/wettbewerb/ES1/plus/?saison_id=2017&spieltag=32"
"
																									(11.) 
																Getafe							","https://www.transfermarkt.com/laliga/spieltag/wettbewerb/ES1/plus/?saison_id=2017&spieltag=32"
"
																									(20.) 
																Málaga CF							","https://www.transfermarkt.com/laliga/spieltag/wettbewerb/ES1/plus/?saison_id=2017&spieltag=32"
"
																									(18.) 
																Dep. La Coruña							","https://www.transfermarkt.com/laliga/spieltag/wettbewerb/ES1/plus/?saison_id=2017&spieltag=33"
"
																									(9.) 
																Celta de Vigo							","https://www.transfermarkt.com/laliga/spieltag/wettbewerb/ES1/plus/?saison_id=2017&spieltag=33"
"
																									(6.) 
																Villarreal							","https://www.transfermarkt.com/laliga/spieltag/wettbewerb/ES1/plus/?saison_id=2017&spieltag=33"
"
																									(16.) 
																Espanyol							","https://www.transfermarkt.com/laliga/spieltag/wettbewerb/ES1/plus/?saison_id=2017&spieltag=33"
"
																									(4.) 
																Valencia							","https://www.transfermarkt.com/laliga/spieltag/wettbewerb/ES1/plus/?saison_id=2017&spieltag=33"
"
																									(3.) 
																Real Madrid							","https://www.transfermarkt.com/laliga/spieltag/wettbewerb/ES1/plus/?saison_id=2017&spieltag=33"
"
																									(15.) 
																Alavés							","https://www.transfermarkt.com/laliga/spieltag/wettbewerb/ES1/plus/?saison_id=2017&spieltag=33"
"
																									(11.) 
																Real Sociedad							","https://www.transfermarkt.com/laliga/spieltag/wettbewerb/ES1/plus/?saison_id=2017&spieltag=33"
"
																									(5.) 
																Real Betis							","https://www.transfermarkt.com/laliga/spieltag/wettbewerb/ES1/plus/?saison_id=2017&spieltag=33"
"
																									(17.) 
																Levante							","https://www.transfermarkt.com/laliga/spieltag/wettbewerb/ES1/plus/?saison_id=2017&spieltag=33"
"
																									(14.) 
																CD Leganés							","https://www.transfermarkt.com/laliga/spieltag/wettbewerb/ES1/plus/?saison_id=2017&spieltag=34"
"
																									(12.) 
																SD Eibar							","https://www.transfermarkt.com/laliga/spieltag/wettbewerb/ES1/plus/?saison_id=2017&spieltag=34"
"
																									(10.) 
																Celta de Vigo							","https://www.transfermarkt.com/laliga/spieltag/wettbewerb/ES1/plus/?saison_id=2017&spieltag=34"
"
																									(8.) 
																Girona							","https://www.transfermarkt.com/laliga/spieltag/wettbewerb/ES1/plus/?saison_id=2017&spieltag=34"
"
																									(20.) 
																Málaga CF							","https://www.transfermarkt.com/laliga/spieltag/wettbewerb/ES1/plus/?saison_id=2017&spieltag=34"
"
																									(19.) 
																UD Las Palmas							","https://www.transfermarkt.com/laliga/spieltag/wettbewerb/ES1/plus/?saison_id=2017&spieltag=34"
"
																									(2.) 
																Atlético Madrid							","https://www.transfermarkt.com/laliga/spieltag/wettbewerb/ES1/plus/?saison_id=2017&spieltag=34"
"
																									(13.) 
																Athletic							","https://www.transfermarkt.com/laliga/spieltag/wettbewerb/ES1/plus/?saison_id=2017&spieltag=34"
"
																									(1.) 
																Barcelona							","https://www.transfermarkt.com/laliga/spieltag/wettbewerb/ES1/plus/?saison_id=2017&spieltag=34"
"
																									(7.) 
																Sevilla FC							","https://www.transfermarkt.com/laliga/spieltag/wettbewerb/ES1/plus/?saison_id=2017&spieltag=34"
"
																									(17.) 
																Levante							","https://www.transfermarkt.com/laliga/spieltag/wettbewerb/ES1/plus/?saison_id=2017&spieltag=35"
"
																									(16.) 
																Espanyol							","https://www.transfermarkt.com/laliga/spieltag/wettbewerb/ES1/plus/?saison_id=2017&spieltag=35"
"
																									(11.) 
																Real Sociedad							","https://www.transfermarkt.com/laliga/spieltag/wettbewerb/ES1/plus/?saison_id=2017&spieltag=35"
"
																									(3.) 
																Real Madrid							","https://www.transfermarkt.com/laliga/spieltag/wettbewerb/ES1/plus/?saison_id=2017&spieltag=35"
"
																									(6.) 
																Villarreal							","https://www.transfermarkt.com/laliga/spieltag/wettbewerb/ES1/plus/?saison_id=2017&spieltag=35"
"
																									(8.) 
																Getafe							","https://www.transfermarkt.com/laliga/spieltag/wettbewerb/ES1/plus/?saison_id=2017&spieltag=35"
"
																									(13.) 
																Alavés							","https://www.transfermarkt.com/laliga/spieltag/wettbewerb/ES1/plus/?saison_id=2017&spieltag=35"
"
																									(4.) 
																Valencia							","https://www.transfermarkt.com/laliga/spieltag/wettbewerb/ES1/plus/?saison_id=2017&spieltag=35"
"
																									(18.) 
																Dep. La Coruña							","https://www.transfermarkt.com/laliga/spieltag/wettbewerb/ES1/plus/?saison_id=2017&spieltag=35"
"
																									(5.) 
																Real Betis							","https://www.transfermarkt.com/laliga/spieltag/wettbewerb/ES1/plus/?saison_id=2017&spieltag=35"
"
																									(7.) 
																Sevilla FC							","https://www.transfermarkt.com/laliga/spieltag/wettbewerb/ES1/plus/?saison_id=2017&spieltag=36"
"
																									(9.) 
																Girona							","https://www.transfermarkt.com/laliga/spieltag/wettbewerb/ES1/plus/?saison_id=2017&spieltag=36"
"
																									(14.) 
																Athletic							","https://www.transfermarkt.com/laliga/spieltag/wettbewerb/ES1/plus/?saison_id=2017&spieltag=36"
"
																									(11.) 
																Celta de Vigo							","https://www.transfermarkt.com/laliga/spieltag/wettbewerb/ES1/plus/?saison_id=2017&spieltag=36"
"
																									(6.) 
																Villarreal							","https://www.transfermarkt.com/laliga/spieltag/wettbewerb/ES1/plus/?saison_id=2017&spieltag=36"
"
																									(20.) 
																Málaga CF							","https://www.transfermarkt.com/laliga/spieltag/wettbewerb/ES1/plus/?saison_id=2017&spieltag=36"
"
																									(2.) 
																Atlético Madrid							","https://www.transfermarkt.com/laliga/spieltag/wettbewerb/ES1/plus/?saison_id=2017&spieltag=36"
"
																									(19.) 
																UD Las Palmas							","https://www.transfermarkt.com/laliga/spieltag/wettbewerb/ES1/plus/?saison_id=2017&spieltag=36"
"
																									(1.) 
																Barcelona							","https://www.transfermarkt.com/laliga/spieltag/wettbewerb/ES1/plus/?saison_id=2017&spieltag=36"
"
																									(16.) 
																CD Leganés							","https://www.transfermarkt.com/laliga/spieltag/wettbewerb/ES1/plus/?saison_id=2017&spieltag=36"
"
																									(11.) 
																Real Sociedad							","https://www.transfermarkt.com/laliga/spieltag/wettbewerb/ES1/plus/?saison_id=2017&spieltag=37"
"
																									(13.) 
																Alavés							","https://www.transfermarkt.com/laliga/spieltag/wettbewerb/ES1/plus/?saison_id=2017&spieltag=37"
"
																									(18.) 
																Dep. La Coruña							","https://www.transfermarkt.com/laliga/spieltag/wettbewerb/ES1/plus/?saison_id=2017&spieltag=37"
"
																									(8.) 
																Getafe							","https://www.transfermarkt.com/laliga/spieltag/wettbewerb/ES1/plus/?saison_id=2017&spieltag=37"
"
																									(9.) 
																Girona							","https://www.transfermarkt.com/laliga/spieltag/wettbewerb/ES1/plus/?saison_id=2017&spieltag=37"
"
																									(10.) 
																SD Eibar							","https://www.transfermarkt.com/laliga/spieltag/wettbewerb/ES1/plus/?saison_id=2017&spieltag=37"
"
																									(5.) 
																Real Betis							","https://www.transfermarkt.com/laliga/spieltag/wettbewerb/ES1/plus/?saison_id=2017&spieltag=37"
"
																									(3.) 
																Real Madrid							","https://www.transfermarkt.com/laliga/spieltag/wettbewerb/ES1/plus/?saison_id=2017&spieltag=37"
"
																									(15.) 
																Espanyol							","https://www.transfermarkt.com/laliga/spieltag/wettbewerb/ES1/plus/?saison_id=2017&spieltag=37"
"
																									(16.) 
																Levante							","https://www.transfermarkt.com/laliga/spieltag/wettbewerb/ES1/plus/?saison_id=2017&spieltag=37"
"
																									(13.) 
																Celta de Vigo							","https://www.transfermarkt.com/laliga/spieltag/wettbewerb/ES1/plus/?saison_id=2017&spieltag=38"
"
																									(17.) 
																CD Leganés							","https://www.transfermarkt.com/laliga/spieltag/wettbewerb/ES1/plus/?saison_id=2017&spieltag=38"
"
																									(7.) 
																Sevilla FC							","https://www.transfermarkt.com/laliga/spieltag/wettbewerb/ES1/plus/?saison_id=2017&spieltag=38"
"
																									(19.) 
																UD Las Palmas							","https://www.transfermarkt.com/laliga/spieltag/wettbewerb/ES1/plus/?saison_id=2017&spieltag=38"
"
																									(20.) 
																Málaga CF							","https://www.transfermarkt.com/laliga/spieltag/wettbewerb/ES1/plus/?saison_id=2017&spieltag=38"
"
																									(5.) 
																Villarreal							","https://www.transfermarkt.com/laliga/spieltag/wettbewerb/ES1/plus/?saison_id=2017&spieltag=38"
"
																									(4.) 
																Valencia							","https://www.transfermarkt.com/laliga/spieltag/wettbewerb/ES1/plus/?saison_id=2017&spieltag=38"
"
																									(16.) 
																Athletic							","https://www.transfermarkt.com/laliga/spieltag/wettbewerb/ES1/plus/?saison_id=2017&spieltag=38"
"
																									(2.) 
																Atlético Madrid							","https://www.transfermarkt.com/laliga/spieltag/wettbewerb/ES1/plus/?saison_id=2017&spieltag=38"
"
																									(1.) 
																Barcelona							","https://www.transfermarkt.com/laliga/spieltag/wettbewerb/ES1/plus/?saison_id=2017&spieltag=38"
